{"cameraMode":{"drawMode":0,"name":"Shaded","section":"Shading Mode"},"sceneLighting":false,"audioPlay":false,"sceneViewState":{"showFog":true,"showMaterialUpdate":false,"showSkybox":false,"showFlares":true,"showImageEffects":true,"showParticleSystems":true},"in2DMode":false,"pivot":{"x":0.10544675588607788,"y":0.810633659362793,"z":-0.09809273481369019},"rotation":{"x":0.06041926145553589,"y":-0.9231804609298706,"z":0.16256703436374665,"w":0.34305647015571597},"size":1.1175463199615479,"orthographic":false}