{"cameraMode":{"drawMode":0,"name":"Shaded","section":"Shading Mode"},"sceneLighting":false,"audioPlay":false,"sceneViewState":{"showFog":true,"showMaterialUpdate":false,"showSkybox":false,"showFlares":true,"showImageEffects":true,"showParticleSystems":true},"in2DMode":false,"pivot":{"x":0.14137554168701173,"y":0.8598511815071106,"z":0.2367011308670044},"rotation":{"x":0.06041926145553589,"y":-0.9231804609298706,"z":0.16256703436374665,"w":0.34305647015571597},"size":0.08660255372524262,"orthographic":false}