{"cameraMode":{"drawMode":0,"name":"Shaded","section":"Shading Mode"},"sceneLighting":true,"audioPlay":false,"sceneViewState":{"showFog":true,"showMaterialUpdate":false,"showSkybox":false,"showFlares":true,"showImageEffects":true,"showParticleSystems":true},"in2DMode":false,"pivot":{"x":-0.996119499206543,"y":2.0572800636291506,"z":-0.18584895133972169},"rotation":{"x":0.06041926145553589,"y":-0.9231804609298706,"z":0.16256703436374665,"w":0.34305647015571597},"size":8.7098388671875,"orthographic":false}