{"cameraMode":{"drawMode":0,"name":"Shaded","section":"Shading Mode"},"sceneLighting":false,"audioPlay":false,"sceneViewState":{"showFog":true,"showMaterialUpdate":false,"showSkybox":false,"showFlares":true,"showImageEffects":true,"showParticleSystems":true},"in2DMode":false,"pivot":{"x":0.8253339529037476,"y":1.8348453044891358,"z":-2.3637051582336427},"rotation":{"x":-0.00649165827780962,"y":0.9884077906608582,"z":0.04420148581266403,"w":0.14514076709747315},"size":1.4557254314422608,"orthographic":false}