{"cameraMode":{"drawMode":0,"name":"Shaded","section":"Shading Mode"},"sceneLighting":false,"audioPlay":false,"sceneViewState":{"showFog":true,"showMaterialUpdate":false,"showSkybox":false,"showFlares":true,"showImageEffects":true,"showParticleSystems":true},"in2DMode":false,"pivot":{"x":-4.927636623382568,"y":-1.5889008045196534,"z":-2.992950916290283},"rotation":{"x":0.06041926145553589,"y":-0.9231804609298706,"z":0.16256703436374665,"w":0.34305647015571597},"size":15.222172737121582,"orthographic":false}